epoch,1_gd_loss,sgd_loss,adam_loss,gd_time,sgd_time,adam_time,2_gd_loss,sgd_loss,adam_loss,gd_time,sgd_time,adam_time,3_gd_loss,sgd_loss,adam_loss,gd_time,sgd_time,adam_time,4_gd_loss,sgd_loss,adam_loss,gd_time,sgd_time,adam_time,5_gd_loss,sgd_loss,adam_loss,gd_time,sgd_time,adam_time
1,0.144677,0.549416,0.049853,64,142,237,0.088370,0.294514,0.036990,33,110,197,0.127643,0.479941,0.044853,28,109,252,2.000000,2.000000,2.000000,34,119,204,2.000000,2.000000,2.000000,26,113,208
2,0.008668,0.061767,0.001862,96,269,443,0.008305,0.054039,0.001959,64,189,401,0.008282,0.058584,0.001861,46,203,536,2.000000,2.000000,2.000000,65,219,392,2.000000,2.000000,2.000000,69,203,431
3,0.005170,0.033199,0.000998,144,378,663,0.004934,0.030333,0.001051,79,283,633,0.004897,0.031810,0.001000,87,298,801,2.000000,2.000000,2.000000,85,341,634,2.000000,2.000000,2.000000,98,300,670
4,0.003722,0.022787,0.000610,191,553,884,0.003547,0.021134,0.000641,111,378,850,0.003514,0.021889,0.000611,111,392,1067,2.000000,2.000000,2.000000,116,452,872,2.000000,2.000000,2.000000,114,409,904
5,0.002911,0.017323,0.000388,286,775,1105,0.002775,0.016207,0.000407,142,473,1050,0.002748,0.016680,0.000388,127,487,1300,2.000000,2.000000,2.000000,148,589,1091,2.000000,2.000000,2.000000,145,520,1114
6,0.002388,0.013943,0.000250,334,965,1325,0.002280,0.013127,0.000262,158,569,1269,0.002258,0.013459,0.000249,158,580,1510,2.000000,2.000000,2.000000,180,723,1362,2.000000,2.000000,2.000000,177,624,1342
7,0.002023,0.011646,0.000161,382,1123,1545,0.001935,0.011020,0.000168,189,663,1477,0.001916,0.011270,0.000160,179,674,1761,2.000000,2.000000,2.000000,211,839,1642,2.000000,2.000000,2.000000,208,741,1546
8,0.001754,0.009987,0.000104,462,1330,1749,0.001680,0.009489,0.000108,205,789,1713,0.001665,0.009686,0.000103,206,774,2013,2.000000,2.000000,2.000000,242,956,1873,2.000000,2.000000,2.000000,239,861,1781
9,0.001547,0.008734,0.000066,526,1505,1953,0.001485,0.008326,0.000069,237,916,1917,0.001472,0.008488,0.000065,237,874,2233,2.000000,2.000000,2.000000,273,1089,2085,2.000000,2.000000,2.000000,255,961,1986
10,0.001384,0.007756,0.000042,589,1646,2190,0.001330,0.007415,0.000044,255,1070,2107,0.001319,0.007550,0.000041,253,974,2438,2.000000,2.000000,2.000000,305,1206,2289,2.000000,2.000000,2.000000,287,1057,2191
11,0.001251,0.006971,0.000027,750,1788,2442,0.001204,0.006681,0.000027,284,1262,2332,0.001195,0.006797,0.000026,289,1081,2649,2.000000,2.000000,2.000000,343,1339,2505,2.000000,2.000000,2.000000,325,1174,2404
12,0.001142,0.006328,0.000017,828,1946,2678,0.001101,0.006078,0.000017,315,1453,2537,0.001093,0.006179,0.000016,313,1181,2839,2.000000,2.000000,2.000000,368,1470,2709,2.000000,2.000000,2.000000,353,1271,2609
13,0.001050,0.005793,0.000010,891,2089,2914,0.001013,0.005574,0.000011,346,1627,2734,0.001006,0.005662,0.000010,332,1282,3050,2.000000,2.000000,2.000000,406,1596,2910,2.000000,2.000000,2.000000,380,1367,2837
14,0.000972,0.005339,0.000006,955,2281,3167,0.000939,0.005146,0.000007,362,1958,3000,0.000933,0.005225,0.000006,363,1376,3283,2.000000,2.000000,2.000000,435,1707,3128,2.000000,2.000000,2.000000,410,1477,3087
15,0.000904,0.004951,0.000004,1067,2464,3403,0.000874,0.004779,0.000004,393,2289,3317,0.000869,0.004850,0.000004,380,1456,3533,2.000000,2.000000,2.000000,466,1824,3360,2.000000,2.000000,2.000000,430,1587,3321
16,0.000846,0.004614,0.000002,1114,2645,3639,0.000818,0.004460,0.000003,425,2483,3547,0.000814,0.004524,0.000002,410,1557,3849,2.000000,2.000000,2.000000,498,1930,3576,2.000000,2.000000,2.000000,461,1695,3561
17,0.000794,0.004320,0.000002,1162,2805,3845,0.000769,0.004181,0.000002,441,2653,3772,0.000765,0.004239,0.000001,425,1658,4086,2.000000,2.000000,2.000000,527,2046,3800,2.000000,2.000000,2.000000,477,1808,3791
18,0.000748,0.004061,0.000001,1210,2996,4096,0.000725,0.003934,0.000001,474,2812,3957,0.000722,0.003988,0.000001,457,1757,4306,2.000000,2.000000,2.000000,546,2156,4006,2.000000,2.000000,2.000000,509,1908,4011
19,0.000708,0.003831,0.000001,1273,3139,4329,0.000686,0.003715,0.000001,489,2988,4161,0.000683,0.003764,0.000001,480,1857,4578,2.000000,2.000000,2.000000,578,2272,4209,2.000000,2.000000,2.000000,540,1997,4216
20,0.000671,0.003625,0.000000,1353,3313,4549,0.000651,0.003518,0.000000,520,3207,4382,0.000648,0.003564,0.000000,504,1957,4843,2.000000,2.000000,2.000000,609,2393,4398,2.000000,2.000000,2.000000,555,2108,4438
21,0.000638,0.003440,0.000000,1432,3487,4785,0.000620,0.003341,0.000000,536,3397,4630,0.000617,0.003384,0.000000,534,2060,5113,2.000000,2.000000,2.000000,641,2530,4622,2.000000,2.000000,2.000000,599,2231,4690
22,0.000608,0.003272,0.000000,1510,3645,5006,0.000591,0.003181,0.000000,568,3556,4899,0.000589,0.003221,0.000000,546,2154,5349,2.000000,2.000000,2.000000,669,2650,4842,2.000000,2.000000,2.000000,626,2338,4926
23,0.000581,0.003120,0.000000,1558,3786,5245,0.000565,0.003036,0.000000,583,3746,5200,0.000563,0.003073,0.000000,587,2248,5589,2.000000,2.000000,2.000000,697,2776,5052,2.000000,2.000000,2.000000,652,2433,5157
24,0.000556,0.002982,0.000000,1669,3897,5478,0.000541,0.002903,0.000000,615,3952,5484,0.000539,0.002938,0.000000,612,2358,5833,2.000000,2.000000,2.000000,718,2886,5258,2.000000,2.000000,2.000000,678,2543,5371
25,0.000533,0.002855,0.000000,1735,4007,5714,0.000519,0.002781,0.000000,646,4127,5718,0.000517,0.002815,0.000000,627,2453,6067,2.000000,2.000000,2.000000,749,2990,5480,2.000000,2.000000,2.000000,696,2637,5621
26,0.000512,0.002738,0.000000,1781,4117,5934,0.000499,0.002669,0.000000,663,4306,5924,0.000497,0.002701,0.000000,658,2557,6328,2.000000,2.000000,2.000000,765,3101,5711,2.000000,2.000000,2.000000,728,2724,5868
27,0.000493,0.002631,0.000000,1845,4243,6146,0.000480,0.002566,0.000000,694,4444,6129,0.000479,0.002596,0.000000,680,2657,6548,2.000000,2.000000,2.000000,796,3198,5917,2.000000,2.000000,2.000000,744,2835,6104
28,0.000475,0.002531,0.000000,1894,4337,6359,0.000463,0.002470,0.000000,709,4585,6317,0.000461,0.002498,0.000000,706,2757,6783,2.000000,2.000000,2.000000,812,3323,6138,2.000000,2.000000,2.000000,776,2941,6340
29,0.000458,0.002439,0.000000,1941,4447,6563,0.000447,0.002381,0.000000,740,4711,6554,0.000445,0.002408,0.000000,722,2857,7019,2.000000,2.000000,2.000000,843,3433,6343,2.000000,2.000000,2.000000,808,3063,6578
30,0.000442,0.002353,0.000000,2005,4558,6768,0.000432,0.002298,0.000000,756,4839,6808,0.000430,0.002324,0.000000,754,2957,7255,2.000000,2.000000,2.000000,875,3538,6564,2.000000,2.000000,2.000000,823,3163,6816
31,0.000428,0.002273,0.000000,2056,4673,6989,0.000418,0.002221,0.000000,787,4980,7079,0.000416,0.002246,0.000000,784,3062,7529,2.000000,2.000000,2.000000,910,3661,6804,2.000000,2.000000,2.000000,865,3280,7036
32,0.000414,0.002198,0.000000,2116,4779,7194,0.000404,0.002149,0.000000,803,5155,7315,0.000403,0.002172,0.000000,811,3154,7833,2.000000,2.000000,2.000000,936,3788,7024,2.000000,2.000000,2.000000,882,3379,7256
33,0.000401,0.002128,0.000000,2148,4889,7399,0.000392,0.002081,0.000000,834,5345,7533,0.000391,0.002104,0.000000,839,3264,8290,2.000000,2.000000,2.000000,971,3883,7245,2.000000,2.000000,2.000000,920,3504,7504
34,0.000389,0.002062,0.000000,2196,4984,7621,0.000380,0.002018,0.000000,856,5520,7750,0.000379,0.002039,0.000000,861,3359,9077,2.000000,2.000000,2.000000,985,3978,7484,2.000000,2.000000,2.000000,946,3615,7821
35,0.000378,0.002000,0.000000,2228,5078,7824,0.000369,0.001958,0.000000,882,5663,8017,0.000368,0.001978,0.000000,880,3455,9585,2.000000,2.000000,2.000000,1016,4072,7716,2.000000,2.000000,2.000000,973,3733,8087
36,0.000367,0.001942,0.000000,2291,5174,8049,0.000359,0.001901,0.000000,897,5789,8296,0.000358,0.001921,0.000000,909,3541,10108,2.000000,2.000000,2.000000,1048,4175,7946,2.000000,2.000000,2.000000,990,3857,8330
37,0.000357,0.001887,0.000000,2339,5282,8281,0.000349,0.001848,0.000000,929,5930,8610,0.000348,0.001867,0.000000,941,3643,10440,2.000000,2.000000,2.000000,1064,4273,8162,2.000000,2.000000,2.000000,1020,3976,8614
38,0.000348,0.001835,0.000000,2370,5392,8518,0.000340,0.001798,0.000000,956,6048,8909,0.000339,0.001816,0.000000,971,3741,10789,2.000000,2.000000,2.000000,1095,4372,8367,2.000000,2.000000,2.000000,1052,4112,8852
39,0.000339,0.001786,0.000000,2426,5519,8723,0.000331,0.001750,0.000000,976,6163,9207,0.000331,0.001768,0.000000,988,3841,11248,2.000000,2.000000,2.000000,1128,4471,8571,2.000000,2.000000,2.000000,1071,4224,9216
40,0.000330,0.001739,0.000000,2450,5645,8951,0.000323,0.001705,0.000000,992,6263,9491,0.000322,0.001722,0.000000,1019,3943,11563,2.000000,2.000000,2.000000,1142,4556,8791,2.000000,2.000000,2.000000,1099,4327,9794
41,0.000322,0.001695,0.000000,2514,5754,9194,0.000315,0.001662,0.000000,1024,6402,9810,0.000314,0.001678,0.000000,1051,4061,11910,2.000000,2.000000,2.000000,1186,4672,9021,2.000000,2.000000,2.000000,1133,4429,10247
42,0.000314,0.001652,0.000000,2546,5864,9415,0.000308,0.001621,0.000000,1057,6525,10067,0.000307,0.001637,0.000000,1063,4155,12201,2.000000,2.000000,2.000000,1203,4785,9242,2.000000,2.000000,2.000000,1148,4538,10658
43,0.000307,0.001612,0.000000,2593,5958,9635,0.000300,0.001582,0.000000,1072,6652,10316,0.000300,0.001597,0.000000,1100,4265,12483,2.000000,2.000000,2.000000,1239,4895,9457,2.000000,2.000000,2.000000,1184,4627,11251
44,0.000299,0.001574,0.000000,2641,6075,9871,0.000293,0.001545,0.000000,1104,6778,10550,0.000293,0.001560,0.000000,1126,4359,12767,2.000000,2.000000,2.000000,1264,4994,9707,2.000000,2.000000,2.000000,1210,4727,11954
45,0.000293,0.001538,0.000000,2673,6181,10126,0.000287,0.001509,0.000000,1119,6914,10816,0.000286,0.001524,0.000000,1144,4453,13014,2.000000,2.000000,2.000000,1283,5085,9994,2.000000,2.000000,2.000000,1229,4828,12726
46,0.000286,0.001503,0.000000,2721,6322,10376,0.000281,0.001476,0.000000,1151,7031,11040,0.000280,0.001490,0.000000,1160,4574,13266,2.000000,2.000000,2.000000,1314,5205,10242,2.000000,2.000000,2.000000,1261,4939,13132
47,0.000280,0.001470,0.000000,2754,6448,10612,0.000275,0.001443,0.000000,1167,7147,11310,0.000274,0.001457,0.000000,1191,4674,13550,2.000000,2.000000,2.000000,1330,5327,10479,2.000000,2.000000,2.000000,1277,5045,13457
48,0.000274,0.001438,0.000000,2800,6591,10831,0.000269,0.001412,0.000000,1198,7248,11546,0.000268,0.001426,0.000000,1209,4774,13899,2.000000,2.000000,2.000000,1362,5456,10715,2.000000,2.000000,2.000000,1308,5141,13902
49,0.000268,0.001407,0.000000,2848,6718,11036,0.000263,0.001383,0.000000,1213,7350,11783,0.000263,0.001396,0.000000,1239,4876,14296,2.000000,2.000000,2.000000,1378,5556,10935,2.000000,2.000000,2.000000,1324,5241,14241
50,0.000263,0.001378,0.000000,2880,6843,11225,0.000258,0.001354,0.000000,1246,7481,12020,0.000258,0.001367,0.000000,1270,4976,14613,2.000000,2.000000,2.000000,1410,5660,11170,2.000000,2.000000,2.000000,1355,5356,14559
51,0.000258,0.001350,0.000000,2928,6986,11477,0.000253,0.001327,0.000000,1261,7616,12283,0.000253,0.001339,0.000000,1299,5075,14914,2.000000,2.000000,2.000000,1442,5773,11391,2.000000,2.000000,2.000000,1391,5468,14958
52,0.000253,0.001323,0.000000,2992,7127,11698,0.000248,0.001301,0.000000,1292,7742,12533,0.000248,0.001313,0.000000,1314,5186,15233,2.000000,2.000000,2.000000,1452,5870,11594,2.000000,2.000000,2.000000,1416,5582,15459
53,0.000248,0.001297,0.000000,3038,7277,11933,0.000243,0.001275,0.000000,1308,7852,12767,0.000243,0.001287,0.000000,1346,5284,15533,2.000000,2.000000,2.000000,1492,5965,11811,2.000000,2.000000,2.000000,1433,5676,16017
54,0.000243,0.001272,0.000000,3086,7412,12170,0.000239,0.001251,0.000000,1339,7978,13017,0.000239,0.001262,0.000000,1370,5391,15833,2.000000,2.000000,2.000000,1518,6075,12041,2.000000,2.000000,2.000000,1466,5786,16396
55,0.000239,0.001248,0.000000,3126,7554,12390,0.000235,0.001228,0.000000,1371,8131,13267,0.000234,0.001239,0.000000,1394,5505,16193,2.000000,2.000000,2.000000,1534,6169,12292,2.000000,2.000000,2.000000,1482,5881,16707
56,0.000235,0.001225,0.000000,3166,7681,12659,0.000230,0.001205,0.000000,1386,8248,13511,0.000230,0.001216,0.000000,1410,5630,16493,2.000000,2.000000,2.000000,1565,6268,12527,2.000000,2.000000,2.000000,1513,5979,16948
57,0.000230,0.001203,0.000000,3230,7807,12911,0.000226,0.001183,0.000000,1418,8387,13733,0.000226,0.001194,0.000000,1441,5741,16793,2.000000,2.000000,2.000000,1581,6378,12747,2.000000,2.000000,2.000000,1529,6091,17177
58,0.000226,0.001181,0.000000,3277,7918,13212,0.000222,0.001163,0.000000,1433,8565,13969,0.000222,0.001173,0.000000,1457,5857,17077,2.000000,2.000000,2.000000,1612,6472,12952,2.000000,2.000000,2.000000,1561,6191,17407
59,0.000222,0.001161,0.000000,3327,8027,13465,0.000219,0.001142,0.000000,1457,8714,14221,0.000218,0.001152,0.000000,1488,5974,17376,2.000000,2.000000,2.000000,1629,6584,13172,2.000000,2.000000,2.000000,1576,6298,17635
60,0.000219,0.001141,0.000000,3373,8137,13702,0.000215,0.001123,0.000000,1480,8860,14504,0.000215,0.001133,0.000000,1505,6074,17662,2.000000,2.000000,2.000000,1661,6679,13377,2.000000,2.000000,2.000000,1608,6391,17868
61,0.000215,0.001121,0.000000,3427,8248,13939,0.000211,0.001104,0.000000,1512,8981,14812,0.000211,0.001114,0.000000,1541,6174,17975,2.000000,2.000000,2.000000,1697,6795,13635,2.000000,2.000000,2.000000,1635,6498,18147
62,0.000212,0.001103,0.000000,3468,8359,14159,0.000208,0.001086,0.000000,1527,9110,15068,0.000208,0.001095,0.000000,1564,6272,18250,2.000000,2.000000,2.000000,1722,6888,13871,2.000000,2.000000,2.000000,1648,6596,18471
63,0.000208,0.001085,0.000000,3527,8478,14396,0.000205,0.001068,0.000000,1557,9204,15298,0.000204,0.001077,0.000000,1582,6366,18500,2.000000,2.000000,2.000000,1751,6983,14098,2.000000,2.000000,2.000000,1680,6705,19007
64,0.000205,0.001067,0.000000,3564,8595,14663,0.000201,0.001051,0.000000,1575,9314,15550,0.000201,0.001060,0.000000,1613,6461,18750,2.000000,2.000000,2.000000,1783,7077,14366,2.000000,2.000000,2.000000,1704,6800,19497
65,0.000202,0.001050,0.000000,3611,8722,14994,0.000198,0.001034,0.000000,1591,9433,15817,0.000198,0.001043,0.000000,1628,6555,19017,2.000000,2.000000,2.000000,1807,7172,14602,2.000000,2.000000,2.000000,1714,6893,19836
66,0.000199,0.001034,0.000000,3659,8848,15343,0.000195,0.001018,0.000000,1622,9548,16057,0.000195,0.001027,0.000000,1660,6647,19257,2.000000,2.000000,2.000000,1830,7256,14837,2.000000,2.000000,2.000000,1745,6992,20210
67,0.000196,0.001018,0.000000,3706,8975,15660,0.000192,0.001003,0.000000,1637,9664,16277,0.000192,0.001011,0.000000,1682,6757,19498,2.000000,2.000000,2.000000,1854,7356,15097,2.000000,2.000000,2.000000,1772,7091,20497
68,0.000193,0.001002,0.000000,3738,9084,16008,0.000190,0.000988,0.000000,1669,9781,16498,0.000189,0.000996,0.000000,1691,6841,19761,2.000000,2.000000,2.000000,1887,7455,15341,2.000000,2.000000,2.000000,1793,7193,20796
69,0.000190,0.000987,0.000000,3785,9210,16361,0.000187,0.000973,0.000000,1686,9881,16736,0.000187,0.000981,0.000000,1723,6957,20012,2.000000,2.000000,2.000000,1917,7543,15592,2.000000,2.000000,2.000000,1808,7291,21090
70,0.000187,0.000973,0.000000,3817,9335,16653,0.000184,0.000959,0.000000,1716,9981,16956,0.000184,0.000967,0.000000,1754,7072,20281,2.000000,2.000000,2.000000,1933,7639,15811,2.000000,2.000000,2.000000,1840,7391,21360
71,0.000184,0.000959,0.000000,3849,9620,16936,0.000182,0.000945,0.000000,1732,10098,17198,0.000181,0.000953,0.000000,1784,7178,20543,2.000000,2.000000,2.000000,1971,7760,16061,2.000000,2.000000,2.000000,1861,7505,21620
72,0.000182,0.000945,0.000000,3897,9825,17173,0.000179,0.000932,0.000000,1763,10196,17419,0.000179,0.000939,0.000000,1796,7302,20799,2.000000,2.000000,2.000000,1996,7884,16282,2.000000,2.000000,2.000000,1885,7602,21937
73,0.000179,0.000932,0.000000,3929,9985,17439,0.000177,0.000919,0.000000,1779,10289,17650,0.000176,0.000926,0.000000,1837,7397,21067,2.000000,2.000000,2.000000,2033,7978,16510,2.000000,2.000000,2.000000,1913,7698,22287
74,0.000177,0.000919,0.000000,3961,10159,17755,0.000174,0.000906,0.000000,1811,10383,17883,0.000174,0.000913,0.000000,1862,7493,21350,2.000000,2.000000,2.000000,2059,8088,16744,2.000000,2.000000,2.000000,1940,7805,22654
75,0.000175,0.000906,0.000000,3991,10318,18054,0.000172,0.000894,0.000000,1827,10478,18116,0.000172,0.000901,0.000000,1882,7601,21601,2.000000,2.000000,2.000000,2074,8186,16973,2.000000,2.000000,2.000000,1963,7900,23061
76,0.000172,0.000894,0.000000,4028,10476,18306,0.000170,0.000882,0.000000,1858,10596,18351,0.000170,0.000889,0.000000,1909,7693,21826,2.000000,2.000000,2.000000,2105,8289,17214,2.000000,2.000000,2.000000,1979,8011,23352
77,0.000170,0.000882,0.000000,4054,10631,18541,0.000167,0.000870,0.000000,1875,10714,18555,0.000167,0.000877,0.000000,1940,7822,22029,2.000000,2.000000,2.000000,2136,8406,17431,2.000000,2.000000,2.000000,1995,8108,23604
78,0.000168,0.000870,0.000000,4085,10790,18765,0.000165,0.000858,0.000000,1906,10831,18759,0.000165,0.000865,0.000000,1972,7940,22266,2.000000,2.000000,2.000000,2168,8522,17651,2.000000,2.000000,2.000000,2026,8211,23889
79,0.000166,0.000859,0.000000,4117,10947,18983,0.000163,0.000847,0.000000,1922,10931,18980,0.000163,0.000854,0.000000,1988,8040,22469,2.000000,2.000000,2.000000,2183,8623,17887,2.000000,2.000000,2.000000,2041,8308,24204
80,0.000164,0.000848,0.000000,4149,11121,19237,0.000161,0.000837,0.000000,1958,11048,19200,0.000161,0.000843,0.000000,2020,8140,22674,2.000000,2.000000,2.000000,2215,8733,18108,2.000000,2.000000,2.000000,2074,8408,24552
81,0.000162,0.000837,0.000000,4180,11296,19505,0.000159,0.000826,0.000000,1985,11168,19432,0.000159,0.000833,0.000000,2053,8258,22902,2.000000,2.000000,2.000000,2253,8844,18342,2.000000,2.000000,2.000000,2100,8508,24943
82,0.000160,0.000827,0.000000,4211,11439,19742,0.000157,0.000816,0.000000,2001,11276,19666,0.000157,0.000822,0.000000,2078,8354,23105,2.000000,2.000000,2.000000,2276,8937,18546,2.000000,2.000000,2.000000,2116,8605,25365
83,0.000158,0.000816,0.000000,4243,11582,20012,0.000155,0.000806,0.000000,2032,11371,19895,0.000155,0.000812,0.000000,2103,8452,23402,2.000000,2.000000,2.000000,2306,9034,18759,2.000000,2.000000,2.000000,2151,8699,25695
84,0.000156,0.000806,0.000000,4275,11722,20268,0.000153,0.000796,0.000000,2058,11482,20129,0.000153,0.000802,0.000000,2128,8559,23683,2.000000,2.000000,2.000000,2332,9134,18990,2.000000,2.000000,2.000000,2175,8794,26040
85,0.000154,0.000797,0.000000,4306,11848,20516,0.000152,0.000786,0.000000,2079,11579,20365,0.000152,0.000793,0.000000,2145,8654,23933,2.000000,2.000000,2.000000,2352,9220,19290,2.000000,2.000000,2.000000,2197,8889,26381
86,0.000152,0.000787,0.000000,4338,11982,20752,0.000150,0.000777,0.000000,2096,11680,20600,0.000150,0.000783,0.000000,2175,8741,24163,2.000000,2.000000,2.000000,2383,9334,19553,2.000000,2.000000,2.000000,2228,8991,26665
87,0.000150,0.000778,0.000000,4369,12101,20972,0.000148,0.000768,0.000000,2127,11781,20836,0.000148,0.000774,0.000000,2192,8841,24414,2.000000,2.000000,2.000000,2399,9434,19774,2.000000,2.000000,2.000000,2244,9108,26949
88,0.000149,0.000769,0.000000,4400,12212,21194,0.000146,0.000759,0.000000,2142,11884,21088,0.000146,0.000765,0.000000,2223,8943,24650,2.000000,2.000000,2.000000,2430,9552,19996,2.000000,2.000000,2.000000,2275,9212,27185
89,0.000147,0.000760,0.000000,4449,12321,21398,0.000145,0.000750,0.000000,2174,11981,21310,0.000145,0.000756,0.000000,2240,9042,24886,2.000000,2.000000,2.000000,2446,9662,20264,2.000000,2.000000,2.000000,2291,9307,27469
90,0.000145,0.000751,0.000000,4488,12431,21618,0.000143,0.000742,0.000000,2189,12081,21515,0.000143,0.000748,0.000000,2270,9155,25107,2.000000,2.000000,2.000000,2477,9772,20507,2.000000,2.000000,2.000000,2323,9424,27802
91,0.000144,0.000743,0.000000,4512,12557,21854,0.000142,0.000734,0.000000,2221,12197,21812,0.000142,0.000739,0.000000,2301,9261,25378,2.000000,2.000000,2.000000,2507,9893,20744,2.000000,2.000000,2.000000,2354,9541,28150
92,0.000142,0.000734,0.000000,4560,12684,22075,0.000140,0.000725,0.000000,2252,12296,22100,0.000140,0.000731,0.000000,2314,9354,25614,2.000000,2.000000,2.000000,2531,9988,21011,2.000000,2.000000,2.000000,2374,9637,28402
93,0.000141,0.000726,0.000000,4591,12794,22313,0.000139,0.000717,0.000000,2268,12391,22350,0.000139,0.000723,0.000000,2352,9448,25850,2.000000,2.000000,2.000000,2555,10082,21260,2.000000,2.000000,2.000000,2403,9748,28687
94,0.000139,0.000718,0.000000,4628,12904,22573,0.000137,0.000710,0.000000,2284,12485,22600,0.000137,0.000715,0.000000,2375,9542,26099,2.000000,2.000000,2.000000,2579,10177,21512,2.000000,2.000000,2.000000,2428,9857,28954
95,0.000138,0.000711,0.000000,4654,12999,22815,0.000136,0.000702,0.000000,2315,12579,22834,0.000136,0.000707,0.000000,2394,9637,26355,2.000000,2.000000,2.000000,2602,10272,21762,2.000000,2.000000,2.000000,2446,9975,29238
96,0.000136,0.000703,0.000000,4685,13109,23051,0.000134,0.000695,0.000000,2331,12681,23074,0.000134,0.000700,0.000000,2410,9724,26610,2.000000,2.000000,2.000000,2617,10372,21999,2.000000,2.000000,2.000000,2474,10091,29552
97,0.000135,0.000696,0.000000,4732,13219,23287,0.000133,0.000687,0.000000,2362,12781,23300,0.000133,0.000693,0.000000,2441,9824,26846,2.000000,2.000000,2.000000,2635,10466,22221,2.000000,2.000000,2.000000,2493,10191,29919
98,0.000133,0.000688,0.000000,4781,13329,23602,0.000132,0.000680,0.000000,2378,12881,23531,0.000132,0.000685,0.000000,2457,9924,27084,2.000000,2.000000,2.000000,2665,10561,22457,2.000000,2.000000,2.000000,2510,10308,30279
99,0.000132,0.000681,0.000000,4812,13439,23874,0.000130,0.000673,0.000000,2409,12981,23767,0.000130,0.000678,0.000000,2488,10025,27321,2.000000,2.000000,2.000000,2680,10655,22677,2.000000,2.000000,2.000000,2540,10408,30659
100,0.000131,0.000674,0.000000,4843,13549,24108,0.000129,0.000666,0.000000,2425,13081,24003,0.000129,0.000671,0.000000,2504,10124,27558,2.000000,2.000000,2.000000,2712,10766,22929,2.000000,2.000000,2.000000,2556,10524,30974
epoch,gd_loss,sgd_loss,adam_loss,gd_time,sgd_time,adam_time
1,2.000000,2.000000,2.000000,43,131,253
2,2.000000,2.000000,2.000000,90,251,493
3,2.000000,2.000000,2.000000,157,361,761
4,2.000000,2.000000,2.000000,209,471,1082
5,2.000000,2.000000,2.000000,262,581,1519
6,2.000000,2.000000,2.000000,311,688,2080
7,2.000000,2.000000,2.000000,346,813,2353
8,2.000000,2.000000,2.000000,400,922,2630
9,2.000000,2.000000,2.000000,448,1036,2892
10,2.000000,2.000000,2.000000,495,1166,3262
11,2.000000,2.000000,2.000000,543,1290,3569
12,2.000000,2.000000,2.000000,586,1400,3855
13,2.000000,2.000000,2.000000,625,1532,4202
14,2.000000,2.000000,2.000000,673,1655,4455
15,2.000000,2.000000,2.000000,705,1765,4706
16,2.000000,2.000000,2.000000,736,1891,4973
17,2.000000,2.000000,2.000000,797,2015,5206
18,2.000000,2.000000,2.000000,841,2138,5471
19,2.000000,2.000000,2.000000,887,2250,5723
20,2.000000,2.000000,2.000000,925,2377,5988
21,2.000000,2.000000,2.000000,979,2487,6255
22,2.000000,2.000000,2.000000,1020,2604,6589
23,2.000000,2.000000,2.000000,1043,2720,6885
24,2.000000,2.000000,2.000000,1090,2845,7203
25,2.000000,2.000000,2.000000,1137,2955,7557
26,2.000000,2.000000,2.000000,1169,3076,7964
27,2.000000,2.000000,2.000000,1216,3205,8395
28,2.000000,2.000000,2.000000,1257,3344,8712
29,2.000000,2.000000,2.000000,1298,3473,9096
30,2.000000,2.000000,2.000000,1329,3605,9439
31,2.000000,2.000000,2.000000,1444,3755,9835
32,2.000000,2.000000,2.000000,1515,3906,10245
33,2.000000,2.000000,2.000000,1594,4099,10740
34,2.000000,2.000000,2.000000,1642,4284,11199
35,2.000000,2.000000,2.000000,1673,4475,11583
36,2.000000,2.000000,2.000000,1705,4736,11968
37,2.000000,2.000000,2.000000,1755,4958,12433
38,2.000000,2.000000,2.000000,1790,5172,12745
39,2.000000,2.000000,2.000000,1809,5316,13087
40,2.000000,2.000000,2.000000,1856,5459,13419
41,2.000000,2.000000,2.000000,1896,5587,13703
42,2.000000,2.000000,2.000000,1927,5722,13969
43,2.000000,2.000000,2.000000,1965,5851,14229
44,2.000000,2.000000,2.000000,1992,5977,14506
45,2.000000,2.000000,2.000000,2024,6088,14756
46,2.000000,2.000000,2.000000,2055,6220,15006
47,2.000000,2.000000,2.000000,2071,6367,15256
48,2.000000,2.000000,2.000000,2102,6524,15553
49,2.000000,2.000000,2.000000,2134,6669,15855
50,2.000000,2.000000,2.000000,2167,6800,16104
51,2.000000,2.000000,2.000000,2203,6936,16419
52,2.000000,2.000000,2.000000,2235,7062,16704
53,2.000000,2.000000,2.000000,2267,7187,16955
54,2.000000,2.000000,2.000000,2301,7307,17190
55,2.000000,2.000000,2.000000,2326,7440,17470
56,2.000000,2.000000,2.000000,2357,7569,17742
57,2.000000,2.000000,2.000000,2389,7707,17972
58,2.000000,2.000000,2.000000,2405,7855,18225
59,2.000000,2.000000,2.000000,2436,8022,18472
60,2.000000,2.000000,2.000000,2477,8189,18722
61,2.000000,2.000000,2.000000,2493,8376,18973
62,2.000000,2.000000,2.000000,2527,8533,19225
63,2.000000,2.000000,2.000000,2562,8689,19472
64,2.000000,2.000000,2.000000,2577,8839,19740
65,2.000000,2.000000,2.000000,2608,9003,19990
66,2.000000,2.000000,2.000000,2639,9154,20210
67,2.000000,2.000000,2.000000,2671,9331,20440
68,2.000000,2.000000,2.000000,2687,9472,20658
69,2.000000,2.000000,2.000000,2718,9631,20922
70,2.000000,2.000000,2.000000,2753,9774,21211
71,2.000000,2.000000,2.000000,2784,9921,21521
72,2.000000,2.000000,2.000000,2810,10072,21841
73,2.000000,2.000000,2.000000,2843,10244,22138
74,2.000000,2.000000,2.000000,2868,10406,22373
75,2.000000,2.000000,2.000000,2892,10554,22613
76,2.000000,2.000000,2.000000,2924,10696,22856
77,2.000000,2.000000,2.000000,2955,10821,23106
78,2.000000,2.000000,2.000000,2971,10947,23371
79,2.000000,2.000000,2.000000,3009,11072,23615
80,2.000000,2.000000,2.000000,3026,11194,23873
81,2.000000,2.000000,2.000000,3058,11355,24122
82,2.000000,2.000000,2.000000,3093,11503,24373
83,2.000000,2.000000,2.000000,3110,11648,24782
84,2.000000,2.000000,2.000000,3148,11818,25056
85,2.000000,2.000000,2.000000,3176,12011,25305
86,2.000000,2.000000,2.000000,3191,12151,25571
87,2.000000,2.000000,2.000000,3223,12289,25806
88,2.000000,2.000000,2.000000,3258,12440,26041
89,2.000000,2.000000,2.000000,3291,12559,26388
90,2.000000,2.000000,2.000000,3325,12688,26657
91,2.000000,2.000000,2.000000,3369,12806,26922
92,2.000000,2.000000,2.000000,3393,12942,27157
93,2.000000,2.000000,2.000000,3431,13072,27407
94,2.000000,2.000000,2.000000,3459,13191,27655
95,2.000000,2.000000,2.000000,3490,13308,27905
96,2.000000,2.000000,2.000000,3523,13447,28139
97,2.000000,2.000000,2.000000,3557,13572,28389
98,2.000000,2.000000,2.000000,3577,13705,28640
99,2.000000,2.000000,2.000000,3607,13825,28889
100,2.000000,2.000000,2.000000,3638,13958,29140

epoch,gd_loss,sgd_loss,adam_loss,gd_time,sgd_time,adam_time
1,0.144677,0.549416,0.049853,48,120,221
2,0.008668,0.061767,0.001862,78,230,466
3,0.005170,0.033199,0.000998,126,356,701
4,0.003722,0.022787,0.000610,160,466,1032
5,0.002911,0.017323,0.000388,204,587,1317
6,0.002388,0.013943,0.000250,246,702,1598
7,0.002023,0.011646,0.000161,300,820,1867
8,0.001754,0.009987,0.000104,352,937,2168
9,0.001547,0.008734,0.000066,396,1070,2449
10,0.001384,0.007756,0.000042,427,1187,2717
11,0.001251,0.006971,0.000027,481,1321,2967
12,0.001142,0.006328,0.000017,513,1450,3236
13,0.001050,0.005793,0.000010,545,1575,3517
14,0.000972,0.005339,0.000006,597,1702,3784
15,0.000904,0.004951,0.000004,629,1820,4066
16,0.000846,0.004614,0.000002,662,1952,4350
17,0.000794,0.004320,0.000002,694,2073,4649
18,0.000748,0.004061,0.000001,741,2202,4948
19,0.000708,0.003831,0.000001,773,2320,5233
20,0.000671,0.003625,0.000000,804,2437,5518
21,0.000638,0.003440,0.000000,851,2589,5808
22,0.000608,0.003272,0.000000,883,2714,6166
23,0.000581,0.003120,0.000000,913,2841,6482
24,0.000556,0.002982,0.000000,944,2952,6811
25,0.000533,0.002855,0.000000,960,3086,7163
26,0.000512,0.002738,0.000000,991,3220,7497
27,0.000493,0.002631,0.000000,1023,3373,7782
28,0.000475,0.002531,0.000000,1054,3520,8068
29,0.000458,0.002439,0.000000,1086,3670,8353
30,0.000442,0.002353,0.000000,1122,3809,8632
31,0.000428,0.002273,0.000000,1182,3937,8899
32,0.000414,0.002198,0.000000,1215,4066,9183
33,0.000401,0.002128,0.000000,1261,4177,9469
34,0.000389,0.002062,0.000000,1308,4303,9734
35,0.000378,0.002000,0.000000,1347,4420,10014
36,0.000367,0.001942,0.000000,1385,4555,10268
37,0.000357,0.001887,0.000000,1430,4687,10534
38,0.000348,0.001835,0.000000,1478,4820,10836
39,0.000339,0.001786,0.000000,1525,4937,11166
40,0.000330,0.001739,0.000000,1557,5068,11434
41,0.000322,0.001695,0.000000,1600,5187,11715
42,0.000314,0.001652,0.000000,1646,5315,11984
43,0.000307,0.001612,0.000000,1682,5425,12266
44,0.000299,0.001574,0.000000,1718,5551,12534
45,0.000293,0.001538,0.000000,1746,5670,12800
46,0.000286,0.001503,0.000000,1793,5803,13051
47,0.000280,0.001470,0.000000,1826,5936,13300
48,0.000274,0.001438,0.000000,1873,6056,13568
49,0.000268,0.001407,0.000000,1920,6185,13852
50,0.000263,0.001378,0.000000,1968,6303,14132
51,0.000258,0.001350,0.000000,2016,6440,14421
52,0.000253,0.001323,0.000000,2058,6557,14684
53,0.000248,0.001297,0.000000,2098,6675,14950
54,0.000243,0.001272,0.000000,2146,6804,15222
55,0.000239,0.001248,0.000000,2177,6920,15500
56,0.000235,0.001225,0.000000,2225,7053,15782
57,0.000230,0.001203,0.000000,2256,7187,16108
58,0.000226,0.001181,0.000000,2304,7304,16383
59,0.000222,0.001161,0.000000,2341,7424,16650
60,0.000219,0.001141,0.000000,2374,7552,16925
61,0.000215,0.001121,0.000000,2424,7670,17215
62,0.000212,0.001103,0.000000,2447,7804,17482
63,0.000208,0.001085,0.000000,2496,7924,17750
64,0.000205,0.001067,0.000000,2544,8035,18027
65,0.000202,0.001050,0.000000,2575,8153,18300
66,0.000199,0.001034,0.000000,2621,8286,18551
67,0.000196,0.001018,0.000000,2662,8423,18818
68,0.000193,0.001002,0.000000,2694,8586,19115
69,0.000190,0.000987,0.000000,2747,8720,19370
70,0.000187,0.000973,0.000000,2794,8865,19650
71,0.000184,0.000959,0.000000,2841,9005,19916
72,0.000182,0.000945,0.000000,2881,9148,20184
73,0.000179,0.000932,0.000000,2912,9273,20452
74,0.000177,0.000919,0.000000,2944,9406,20715
75,0.000175,0.000906,0.000000,2991,9520,21033
76,0.000172,0.000894,0.000000,3023,9636,21333
77,0.000170,0.000882,0.000000,3055,9770,21615
78,0.000168,0.000870,0.000000,3086,9887,21914
79,0.000166,0.000859,0.000000,3118,10003,22214
80,0.000164,0.000848,0.000000,3149,10120,22497
81,0.000162,0.000837,0.000000,3185,10237,22766
82,0.000160,0.000827,0.000000,3214,10349,23066
83,0.000158,0.000816,0.000000,3250,10444,23336
84,0.000156,0.000806,0.000000,3279,10569,23616
85,0.000154,0.000797,0.000000,3294,10674,23917
86,0.000152,0.000787,0.000000,3326,10785,24183
87,0.000150,0.000778,0.000000,3359,10908,24481
88,0.000149,0.000769,0.000000,3389,11023,24766
89,0.000147,0.000760,0.000000,3420,11133,25064
90,0.000145,0.000751,0.000000,3452,11258,25340
91,0.000144,0.000743,0.000000,3487,11394,25601
92,0.000142,0.000734,0.000000,3515,11509,25899
93,0.000141,0.000726,0.000000,3546,11613,26230
94,0.000139,0.000718,0.000000,3563,11738,26501
95,0.000138,0.000711,0.000000,3594,11839,26799
96,0.000136,0.000703,0.000000,3626,11953,27082
97,0.000135,0.000696,0.000000,3657,12069,27399
98,0.000133,0.000688,0.000000,3673,12170,27715
99,0.000132,0.000681,0.000000,3704,12287,27998
100,0.000131,0.000674,0.000000,3743,12403,28281

epoch,gd_loss,sgd_loss,adam_loss,gd_time,sgd_time,adam_time
1,2.000000,2.000000,2.000000,43,269,280
2,2.000000,2.000000,2.000000,99,507,562
3,2.000000,2.000000,2.000000,157,712,845
4,2.000000,2.000000,2.000000,204,951,1131
5,2.000000,2.000000,2.000000,281,1205,1415
6,2.000000,2.000000,2.000000,371,1393,1732
7,2.000000,2.000000,2.000000,420,1558,2001
8,2.000000,2.000000,2.000000,470,1716,2282
9,2.000000,2.000000,2.000000,509,1859,2565
10,2.000000,2.000000,2.000000,560,2003,2832
11,2.000000,2.000000,2.000000,608,2144,3115
12,2.000000,2.000000,2.000000,658,2292,3382
13,2.000000,2.000000,2.000000,704,2428,3666
14,2.000000,2.000000,2.000000,752,2571,3933
15,2.000000,2.000000,2.000000,794,2727,4218
16,2.000000,2.000000,2.000000,842,2869,4520
17,2.000000,2.000000,2.000000,893,3010,4854
18,2.000000,2.000000,2.000000,941,3183,5234
19,2.000000,2.000000,2.000000,988,3341,5536
20,2.000000,2.000000,2.000000,1031,3500,5883
21,2.000000,2.000000,2.000000,1088,3673,6184
22,2.000000,2.000000,2.000000,1138,3848,6468
23,2.000000,2.000000,2.000000,1187,4006,6722
24,2.000000,2.000000,2.000000,1239,4148,6974
25,2.000000,2.000000,2.000000,1289,4305,7241
26,2.000000,2.000000,2.000000,1339,4448,7509
27,2.000000,2.000000,2.000000,1390,4594,7777
28,2.000000,2.000000,2.000000,1442,4761,8046
29,2.000000,2.000000,2.000000,1500,4951,8315
30,2.000000,2.000000,2.000000,1554,5109,8582
31,2.000000,2.000000,2.000000,1603,5300,8850
32,2.000000,2.000000,2.000000,1642,5458,9119
33,2.000000,2.000000,2.000000,1706,5649,9386
34,2.000000,2.000000,2.000000,1778,5806,9687
35,2.000000,2.000000,2.000000,1853,5947,10065
36,2.000000,2.000000,2.000000,1905,6096,10350
37,2.000000,2.000000,2.000000,1982,6279,10651
38,2.000000,2.000000,2.000000,2054,6437,10934
39,2.000000,2.000000,2.000000,2121,6596,11219
40,2.000000,2.000000,2.000000,2188,6755,11486
41,2.000000,2.000000,2.000000,2273,6913,11754
42,2.000000,2.000000,2.000000,2321,7056,12016
43,2.000000,2.000000,2.000000,2386,7197,12291
44,2.000000,2.000000,2.000000,2455,7337,12544
45,2.000000,2.000000,2.000000,2551,7480,12827
46,2.000000,2.000000,2.000000,2668,7638,13094
47,2.000000,2.000000,2.000000,2805,7780,13363
48,2.000000,2.000000,2.000000,2873,7921,13631
49,2.000000,2.000000,2.000000,2938,8064,13914
50,2.000000,2.000000,2.000000,3040,8205,14279
51,2.000000,2.000000,2.000000,3123,8346,14833
52,2.000000,2.000000,2.000000,3186,8489,15280
53,2.000000,2.000000,2.000000,3255,8630,15709
54,2.000000,2.000000,2.000000,3323,8772,16010
55,2.000000,2.000000,2.000000,3383,8914,16310
56,2.000000,2.000000,2.000000,3438,9056,16595
57,2.000000,2.000000,2.000000,3504,9201,16862
58,2.000000,2.000000,2.000000,3542,9371,17133
59,2.000000,2.000000,2.000000,3605,9513,17415
60,2.000000,2.000000,2.000000,3656,9669,17666
61,2.000000,2.000000,2.000000,3711,9828,17933
62,2.000000,2.000000,2.000000,3763,9971,18170
63,2.000000,2.000000,2.000000,3810,10113,18455
64,2.000000,2.000000,2.000000,3861,10257,18724
65,2.000000,2.000000,2.000000,3911,10414,18992
66,2.000000,2.000000,2.000000,3960,10618,19292
67,2.000000,2.000000,2.000000,4021,10854,19591
68,2.000000,2.000000,2.000000,4075,11060,19956
69,2.000000,2.000000,2.000000,4122,11283,20258
70,2.000000,2.000000,2.000000,4184,11486,20557
71,2.000000,2.000000,2.000000,4241,11691,20826
72,2.000000,2.000000,2.000000,4290,11943,21079
73,2.000000,2.000000,2.000000,4336,12132,21346
74,2.000000,2.000000,2.000000,4400,12338,21630
75,2.000000,2.000000,2.000000,4448,12513,21897
76,2.000000,2.000000,2.000000,4497,12706,22165
77,2.000000,2.000000,2.000000,4559,12878,22464
78,2.000000,2.000000,2.000000,4607,13051,22765
79,2.000000,2.000000,2.000000,4670,13208,23098
80,2.000000,2.000000,2.000000,4719,13366,23415
81,2.000000,2.000000,2.000000,4785,13508,23781
82,2.000000,2.000000,2.000000,4846,13665,24162
83,2.000000,2.000000,2.000000,4894,13807,24511
84,2.000000,2.000000,2.000000,4958,13964,24908
85,2.000000,2.000000,2.000000,5021,14107,25258
86,2.000000,2.000000,2.000000,5085,14249,25657
87,2.000000,2.000000,2.000000,5148,14391,26021
88,2.000000,2.000000,2.000000,5212,14535,26419
89,2.000000,2.000000,2.000000,5275,14675,27002
90,2.000000,2.000000,2.000000,5355,14817,27351
91,2.000000,2.000000,2.000000,5497,14959,27701
92,2.000000,2.000000,2.000000,5560,15109,28002
93,2.000000,2.000000,2.000000,5623,15243,28336
94,2.000000,2.000000,2.000000,5702,15409,28655
95,2.000000,2.000000,2.000000,5784,15559,28971
96,2.000000,2.000000,2.000000,5861,15709,29290
97,2.000000,2.000000,2.000000,5940,15859,29636
98,2.000000,2.000000,2.000000,6020,16018,30050
99,2.000000,2.000000,2.000000,6085,16210,30385
100,2.000000,2.000000,2.000000,6256,16388,30765

epoch,gd_loss,sgd_loss,adam_loss,gd_time,sgd_time,adam_time
1,0.144677,0.549416,0.049853,46,165,307
2,0.008668,0.061767,0.001862,109,340,656
3,0.005170,0.033199,0.000998,172,515,939
4,0.003722,0.022787,0.000610,235,690,1303
5,0.002911,0.017323,0.000388,314,849,1636
6,0.002388,0.013943,0.000250,362,1002,1919
7,0.002023,0.011646,0.000161,425,1152,2205
8,0.001754,0.009987,0.000104,473,1323,2487
9,0.001547,0.008734,0.000066,538,1465,2785
10,0.001384,0.007756,0.000042,601,1624,3167
11,0.001251,0.006971,0.000027,647,1749,3643
12,0.001142,0.006328,0.000017,701,1891,3992
13,0.001050,0.005793,0.000010,742,2017,4596
14,0.000972,0.005339,0.000006,806,2145,5213
15,0.000904,0.004951,0.000004,853,2286,5972
16,0.000846,0.004614,0.000002,902,2412,6447
17,0.000794,0.004320,0.000002,948,2553,6908
18,0.000748,0.004061,0.000001,1002,2680,7728
19,0.000708,0.003831,0.000001,1045,2806,8582
20,0.000671,0.003625,0.000000,1091,2932,9109
21,0.000638,0.003440,0.000000,1140,3042,9873
22,0.000608,0.003272,0.000000,1186,3169,10507
23,0.000581,0.003120,0.000000,1233,3295,10955
24,0.000556,0.002982,0.000000,1265,3453,11326
25,0.000533,0.002855,0.000000,1331,3613,11807
26,0.000512,0.002738,0.000000,1376,3756,12267
27,0.000493,0.002631,0.000000,1424,3883,12677
28,0.000475,0.002531,0.000000,1472,4026,13052
29,0.000458,0.002439,0.000000,1534,4152,13411
30,0.000442,0.002353,0.000000,1581,4294,13739
31,0.000428,0.002273,0.000000,1629,4454,14020
32,0.000414,0.002198,0.000000,1680,4629,14336
33,0.000401,0.002128,0.000000,1725,4772,14645
34,0.000389,0.002062,0.000000,1773,4963,14974
35,0.000378,0.002000,0.000000,1821,5138,15263
36,0.000367,0.001942,0.000000,1869,5281,15550
37,0.000357,0.001887,0.000000,1916,5423,15838
38,0.000348,0.001835,0.000000,1964,5566,16162
39,0.000339,0.001786,0.000000,2012,5724,16456
40,0.000330,0.001739,0.000000,2060,5851,16761
41,0.000322,0.001695,0.000000,2108,5993,17081
42,0.000314,0.001652,0.000000,2155,6121,17427
43,0.000307,0.001612,0.000000,2219,6263,17735
44,0.000299,0.001574,0.000000,2298,6408,18026
45,0.000293,0.001538,0.000000,2365,6532,18372
46,0.000286,0.001503,0.000000,2426,6660,18725
47,0.000280,0.001470,0.000000,2472,6809,19055
48,0.000274,0.001438,0.000000,2536,6930,19406
49,0.000268,0.001407,0.000000,2583,7071,19733
50,0.000263,0.001378,0.000000,2647,7213,20036
51,0.000258,0.001350,0.000000,2703,7340,20330
52,0.000253,0.001323,0.000000,2758,7465,20639
53,0.000248,0.001297,0.000000,2821,7591,20942
54,0.000243,0.001272,0.000000,2884,7717,21299
55,0.000239,0.001248,0.000000,2947,7843,21631
56,0.000235,0.001225,0.000000,3015,7969,21912
57,0.000230,0.001203,0.000000,3058,8096,22183
58,0.000226,0.001181,0.000000,3121,8221,22458
59,0.000222,0.001161,0.000000,3186,8364,22754
60,0.000219,0.001141,0.000000,3234,8523,23036
61,0.000215,0.001121,0.000000,3297,8713,23409
62,0.000212,0.001103,0.000000,3345,8888,23780
63,0.000208,0.001085,0.000000,3403,9047,24066
64,0.000205,0.001067,0.000000,3441,9222,24355
65,0.000202,0.001050,0.000000,3505,9365,24646
66,0.000199,0.001034,0.000000,3552,9511,24938
67,0.000196,0.001018,0.000000,3603,9651,25228
68,0.000193,0.001002,0.000000,3648,9793,25504
69,0.000190,0.000987,0.000000,3703,9920,25765
70,0.000187,0.000973,0.000000,3791,10171,26033
71,0.000184,0.000959,0.000000,3861,10328,26344
72,0.000182,0.000945,0.000000,3933,10471,26676
73,0.000179,0.000932,0.000000,3981,10596,26973
74,0.000177,0.000919,0.000000,4047,10739,27283
75,0.000175,0.000906,0.000000,4108,10864,27596
76,0.000172,0.000894,0.000000,4156,11023,27884
77,0.000170,0.000882,0.000000,4219,11213,28150
78,0.000168,0.000870,0.000000,4267,11404,28502
79,0.000166,0.000859,0.000000,4330,11614,28841
80,0.000164,0.000848,0.000000,4378,11769,29156
81,0.000162,0.000837,0.000000,4426,11927,29480
82,0.000160,0.000827,0.000000,4489,12052,29852
83,0.000158,0.000816,0.000000,4538,12210,30202
84,0.000156,0.000806,0.000000,4585,12368,30503
85,0.000154,0.000797,0.000000,4633,12515,30783
86,0.000152,0.000787,0.000000,4681,12655,31065
87,0.000150,0.000778,0.000000,4744,12797,31348
88,0.000149,0.000769,0.000000,4793,12938,31661
89,0.000147,0.000760,0.000000,4839,13065,31929
90,0.000145,0.000751,0.000000,4887,13223,32197
91,0.000144,0.000743,0.000000,4950,13415,32487
92,0.000142,0.000734,0.000000,4998,13633,32773
93,0.000141,0.000726,0.000000,5046,13823,33067
94,0.000139,0.000718,0.000000,5095,14015,33387
95,0.000138,0.000711,0.000000,5141,14216,33711
96,0.000136,0.000703,0.000000,5205,14395,34020
97,0.000135,0.000696,0.000000,5252,14617,34296
98,0.000133,0.000688,0.000000,5285,14792,34581
99,0.000132,0.000681,0.000000,5348,14951,34880
100,0.000131,0.000674,0.000000,5379,15093,35225

epoch,gd_loss,sgd_loss,adam_loss,gd_time,sgd_time,adam_time
1,0.088370,0.294514,0.036990,36,121,278
2,0.008305,0.054039,0.001959,81,255,594
3,0.004934,0.030333,0.001051,131,438,925
4,0.003547,0.021134,0.000641,176,601,1247
5,0.002775,0.016207,0.000407,224,755,1560
6,0.002280,0.013127,0.000262,264,936,1875
7,0.001935,0.011020,0.000168,311,1102,2237
8,0.001680,0.009489,0.000108,348,1242,2586
9,0.001485,0.008326,0.000069,397,1400,3001
10,0.001330,0.007415,0.000044,432,1536,3370
11,0.001204,0.006681,0.000027,477,1669,3714
12,0.001101,0.006078,0.000017,529,1793,4036
13,0.001013,0.005574,0.000011,560,1918,4352
14,0.000939,0.005146,0.000007,612,2038,4668
15,0.000874,0.004779,0.000004,648,2171,5003
16,0.000818,0.004460,0.000003,697,2288,5353
17,0.000769,0.004181,0.000002,731,2412,5672
18,0.000725,0.003934,0.000001,781,2531,5965
19,0.000686,0.003715,0.000001,828,2650,6279
20,0.000651,0.003518,0.000000,866,2804,6645
21,0.000620,0.003341,0.000000,914,2986,7020
22,0.000591,0.003181,0.000000,960,3169,7815
23,0.000565,0.003036,0.000000,998,3336,8228
24,0.000541,0.002903,0.000000,1043,3472,8569
25,0.000519,0.002781,0.000000,1081,3614,8870
26,0.000499,0.002669,0.000000,1132,3754,9196
27,0.000480,0.002566,0.000000,1182,3891,9497
28,0.000463,0.002470,0.000000,1243,4021,9798
29,0.000447,0.002381,0.000000,1309,4155,10072
30,0.000432,0.002298,0.000000,1376,4288,10353
31,0.000418,0.002221,0.000000,1448,4428,10642
32,0.000404,0.002149,0.000000,1509,4555,10954
33,0.000392,0.002081,0.000000,1577,4687,11235
34,0.000380,0.002018,0.000000,1643,4815,11535
35,0.000369,0.001958,0.000000,1711,4940,11814
36,0.000359,0.001901,0.000000,1776,5072,12080
37,0.000349,0.001848,0.000000,1890,5204,12332
38,0.000340,0.001798,0.000000,1962,5336,12636
39,0.000331,0.001750,0.000000,2046,5471,12979
40,0.000323,0.001705,0.000000,2103,5587,13289
41,0.000315,0.001662,0.000000,2162,5737,13565
42,0.000308,0.001621,0.000000,2210,5874,13852
43,0.000300,0.001582,0.000000,2275,6005,14143
44,0.000293,0.001545,0.000000,2327,6138,14401
45,0.000287,0.001509,0.000000,2381,6255,14689
46,0.000281,0.001476,0.000000,2427,6389,14981
47,0.000275,0.001443,0.000000,2477,6526,15315
48,0.000269,0.001412,0.000000,2534,6687,15693
49,0.000263,0.001383,0.000000,2582,6822,16075
50,0.000258,0.001354,0.000000,2632,6972,16424
51,0.000253,0.001327,0.000000,2690,7106,16754
52,0.000248,0.001301,0.000000,2731,7238,17038
53,0.000243,0.001275,0.000000,2790,7376,17363
54,0.000239,0.001251,0.000000,2832,7512,17765
55,0.000235,0.001228,0.000000,2895,7638,18208
56,0.000230,0.001205,0.000000,2962,7808,18588
57,0.000226,0.001183,0.000000,3027,8016,18950
58,0.000222,0.001163,0.000000,3077,8230,19265
59,0.000219,0.001142,0.000000,3133,8520,19648
60,0.000215,0.001123,0.000000,3177,8779,19980
61,0.000211,0.001104,0.000000,3233,8977,20264
62,0.000208,0.001086,0.000000,3293,9161,20531
63,0.000205,0.001068,0.000000,3342,9433,20815
64,0.000201,0.001051,0.000000,3381,9586,21081
65,0.000198,0.001034,0.000000,3430,9737,21348
66,0.000195,0.001018,0.000000,3476,9872,21615
67,0.000192,0.001003,0.000000,3520,10007,21898
68,0.000190,0.000988,0.000000,3565,10138,22173
69,0.000187,0.000973,0.000000,3610,10287,22431
70,0.000184,0.000959,0.000000,3648,10422,22747
71,0.000182,0.000945,0.000000,3698,10554,23132
72,0.000179,0.000932,0.000000,3740,10691,23434
73,0.000177,0.000919,0.000000,3781,10822,23722
74,0.000174,0.000906,0.000000,3826,10955,23998
75,0.000172,0.000894,0.000000,3868,11123,24271
76,0.000170,0.000882,0.000000,3909,11294,24612
77,0.000167,0.000870,0.000000,3947,11438,24908
78,0.000165,0.000858,0.000000,3995,11583,25191
79,0.000163,0.000847,0.000000,4034,11760,25467
80,0.000161,0.000837,0.000000,4075,11929,25757
81,0.000159,0.000826,0.000000,4115,12076,26075
82,0.000157,0.000816,0.000000,4157,12209,26406
83,0.000155,0.000806,0.000000,4219,12338,26713
84,0.000153,0.000796,0.000000,4395,12480,27007
85,0.000152,0.000786,0.000000,4463,12645,27291
86,0.000150,0.000777,0.000000,4519,12822,27604
87,0.000148,0.000768,0.000000,4576,12982,28274
88,0.000146,0.000759,0.000000,4615,13122,28612
89,0.000145,0.000750,0.000000,4665,13277,28940
90,0.000143,0.000742,0.000000,4714,13444,29257
91,0.000142,0.000734,0.000000,4761,13624,29564
92,0.000140,0.000725,0.000000,4799,13801,29881
93,0.000139,0.000717,0.000000,4848,13969,30192
94,0.000137,0.000710,0.000000,4895,14118,30502
95,0.000136,0.000702,0.000000,4932,14274,30834
96,0.000134,0.000695,0.000000,4979,14435,31171
97,0.000133,0.000687,0.000000,5014,14589,31607
98,0.000132,0.000680,0.000000,5059,14751,32041
99,0.000130,0.000673,0.000000,5097,14919,32427
100,0.000129,0.000666,0.000000,5132,15068,32922

epoch,gd_loss,sgd_loss,adam_loss,gd_time,sgd_time,adam_time
1,0.127643,0.479941,0.044853,53,126,286
2,0.008282,0.058584,0.001861,125,268,571
3,0.004897,0.031810,0.001000,190,410,837
4,0.003514,0.021889,0.000611,250,585,1120
5,0.002748,0.016680,0.000388,305,744,1389
6,0.002258,0.013459,0.000249,356,885,1672
7,0.001916,0.011270,0.000160,416,1026,2004
8,0.001665,0.009686,0.000103,502,1185,2352
9,0.001472,0.008488,0.000065,552,1361,2682
10,0.001319,0.007550,0.000041,618,1583,2968
11,0.001195,0.006797,0.000026,688,1836,3267
12,0.001093,0.006179,0.000016,765,2077,3565
13,0.001006,0.005662,0.000010,832,2266,3880
14,0.000933,0.005225,0.000006,902,2455,4180
15,0.000869,0.004850,0.000004,962,2644,4479
16,0.000814,0.004524,0.000002,1016,2834,4779
17,0.000765,0.004239,0.000001,1082,3007,5096
18,0.000722,0.003988,0.000001,1166,3214,5397
19,0.000683,0.003764,0.000001,1269,3405,5697
20,0.000648,0.003564,0.000000,1332,3611,5999
21,0.000617,0.003384,0.000000,1415,3817,6301
22,0.000589,0.003221,0.000000,1482,4008,6599
23,0.000563,0.003073,0.000000,1550,4182,6915
24,0.000539,0.002938,0.000000,1618,4389,7279
25,0.000517,0.002815,0.000000,1733,4548,7579
26,0.000497,0.002701,0.000000,1797,4705,7877
27,0.000479,0.002596,0.000000,1851,4862,8176
28,0.000461,0.002498,0.000000,1919,5020,8460
29,0.000445,0.002408,0.000000,1984,5180,8805
30,0.000430,0.002324,0.000000,2032,5320,9104
31,0.000416,0.002246,0.000000,2107,5462,9404
32,0.000403,0.002172,0.000000,2167,5620,9702
33,0.000391,0.002104,0.000000,2218,5777,10003
34,0.000379,0.002039,0.000000,2284,5920,10320
35,0.000368,0.001978,0.000000,2334,6047,10635
36,0.000358,0.001921,0.000000,2409,6190,10933
37,0.000348,0.001867,0.000000,2514,6316,11247
38,0.000339,0.001816,0.000000,2632,6474,11579
39,0.000331,0.001768,0.000000,2832,6617,11959
40,0.000322,0.001722,0.000000,2882,6743,12323
41,0.000314,0.001678,0.000000,2968,6885,12655
42,0.000307,0.001637,0.000000,3050,7028,12964
43,0.000300,0.001597,0.000000,3137,7169,13269
44,0.000293,0.001560,0.000000,3215,7296,13553
45,0.000286,0.001524,0.000000,3307,7438,13883
46,0.000280,0.001490,0.000000,3389,7580,14217
47,0.000274,0.001457,0.000000,3484,7708,14534
48,0.000268,0.001426,0.000000,3594,7944,14802
49,0.000263,0.001396,0.000000,3688,8151,15118
50,0.000258,0.001367,0.000000,3752,8389,15418
51,0.000253,0.001339,0.000000,3815,8594,15733
52,0.000248,0.001313,0.000000,3895,8753,16015
53,0.000243,0.001287,0.000000,3958,8912,16329
54,0.000239,0.001262,0.000000,4021,9053,16662
55,0.000234,0.001239,0.000000,4108,9211,17012
56,0.000230,0.001216,0.000000,4180,9338,17370
57,0.000226,0.001194,0.000000,4243,9496,17677
58,0.000222,0.001173,0.000000,4308,9687,18007
59,0.000218,0.001152,0.000000,4370,9845,18322
60,0.000215,0.001133,0.000000,4420,9988,18621
61,0.000211,0.001114,0.000000,4482,10146,18937
62,0.000208,0.001095,0.000000,4561,10288,19301
63,0.000204,0.001077,0.000000,4609,10430,19616
64,0.000201,0.001060,0.000000,4672,10571,19914
65,0.000198,0.001043,0.000000,4720,10714,20275
66,0.000195,0.001027,0.000000,4778,10855,20607
67,0.000192,0.001011,0.000000,4815,11013,21022
68,0.000189,0.000996,0.000000,4863,11188,21448
69,0.000187,0.000981,0.000000,4911,11376,21798
70,0.000184,0.000967,0.000000,4959,11614,22195
71,0.000181,0.000953,0.000000,5009,11821,22529
72,0.000179,0.000939,0.000000,5054,12012,22844
73,0.000176,0.000926,0.000000,5102,12187,23159
74,0.000174,0.000913,0.000000,5149,12360,23631
75,0.000172,0.000901,0.000000,5196,12535,24453
76,0.000170,0.000889,0.000000,5244,12709,24896
77,0.000167,0.000877,0.000000,5291,12868,25388
78,0.000165,0.000865,0.000000,5339,13011,26084
79,0.000163,0.000854,0.000000,5386,13170,26605
80,0.000161,0.000843,0.000000,5434,13359,27495
81,0.000159,0.000833,0.000000,5482,13533,28200
82,0.000157,0.000822,0.000000,5529,13692,28562
83,0.000155,0.000812,0.000000,5578,13851,29635
84,0.000153,0.000802,0.000000,5625,14010,30385
85,0.000152,0.000793,0.000000,5672,14151,31331
86,0.000150,0.000783,0.000000,5710,14295,32502
87,0.000148,0.000774,0.000000,5752,14451,33658
88,0.000146,0.000765,0.000000,5798,14593,34258
89,0.000145,0.000756,0.000000,5831,14751,34750
90,0.000143,0.000748,0.000000,5878,14895,35456
91,0.000142,0.000739,0.000000,5925,15051,35829
92,0.000140,0.000731,0.000000,5972,15194,36581
93,0.000139,0.000723,0.000000,6011,15336,37027
94,0.000137,0.000715,0.000000,6050,15477,37554
95,0.000136,0.000707,0.000000,6098,15635,37979
96,0.000134,0.000700,0.000000,6145,15776,38337
97,0.000133,0.000693,0.000000,6176,15902,38661
98,0.000132,0.000685,0.000000,6224,16044,39029
99,0.000130,0.000678,0.000000,6272,16193,39402
100,0.000129,0.000671,0.000000,6319,16330,39765

epoch,gd_loss,sgd_loss,adam_loss,gd_time,sgd_time,adam_time
1,2.000000,2.000000,2.000000,55,228,245
2,2.000000,2.000000,2.000000,119,397,510
3,2.000000,2.000000,2.000000,202,565,792
4,2.000000,2.000000,2.000000,302,715,1076
5,2.000000,2.000000,2.000000,444,865,1326
6,2.000000,2.000000,2.000000,532,1017,1625
7,2.000000,2.000000,2.000000,585,1166,1991
8,2.000000,2.000000,2.000000,636,1316,2259
9,2.000000,2.000000,2.000000,692,1450,2542
10,2.000000,2.000000,2.000000,759,1584,2810
11,2.000000,2.000000,2.000000,872,1766,3078
12,2.000000,2.000000,2.000000,970,1915,3343
13,2.000000,2.000000,2.000000,1036,2066,3594
14,2.000000,2.000000,2.000000,1086,2200,3843
15,2.000000,2.000000,2.000000,1136,2332,4109
16,2.000000,2.000000,2.000000,1202,2467,4371
17,2.000000,2.000000,2.000000,1257,2599,4627
18,2.000000,2.000000,2.000000,1302,2749,4908
19,2.000000,2.000000,2.000000,1358,2914,5222
20,2.000000,2.000000,2.000000,1427,3067,5509
21,2.000000,2.000000,2.000000,1508,3216,5776
22,2.000000,2.000000,2.000000,1578,3334,6106
23,2.000000,2.000000,2.000000,1863,3471,6376
24,2.000000,2.000000,2.000000,2010,3600,6707
25,2.000000,2.000000,2.000000,2157,3733,7093
26,2.000000,2.000000,2.000000,2277,3883,7406
27,2.000000,2.000000,2.000000,2567,4031,7697
28,2.000000,2.000000,2.000000,2704,4168,7992
29,2.000000,2.000000,2.000000,2770,4315,8260
30,2.000000,2.000000,2.000000,2844,4448,8543
31,2.000000,2.000000,2.000000,2902,4588,8825
32,2.000000,2.000000,2.000000,2969,4733,9158
33,2.000000,2.000000,2.000000,3023,4868,9491
34,2.000000,2.000000,2.000000,3085,5031,9776
35,2.000000,2.000000,2.000000,3152,5181,10059
36,2.000000,2.000000,2.000000,3202,5316,10390
37,2.000000,2.000000,2.000000,3295,5449,10715
38,2.000000,2.000000,2.000000,3370,5583,11006
39,2.000000,2.000000,2.000000,3561,5733,11276
40,2.000000,2.000000,2.000000,3684,5867,11563
41,2.000000,2.000000,2.000000,3791,6000,11972
42,2.000000,2.000000,2.000000,3871,6134,12276
43,2.000000,2.000000,2.000000,3936,6282,12542
44,2.000000,2.000000,2.000000,4002,6417,12882
45,2.000000,2.000000,2.000000,4088,6570,13208
46,2.000000,2.000000,2.000000,4288,6716,13524
47,2.000000,2.000000,2.000000,4359,6882,13857
48,2.000000,2.000000,2.000000,4420,7047,14142
49,2.000000,2.000000,2.000000,4479,7195,14441
50,2.000000,2.000000,2.000000,4539,7332,14709
51,2.000000,2.000000,2.000000,4607,7471,15041
52,2.000000,2.000000,2.000000,4706,7600,15341
53,2.000000,2.000000,2.000000,4785,7734,15640
54,2.000000,2.000000,2.000000,4956,7872,15957
55,2.000000,2.000000,2.000000,5801,8000,16242
56,2.000000,2.000000,2.000000,6190,8132,16579
57,2.000000,2.000000,2.000000,6902,8273,17066
58,2.000000,2.000000,2.000000,7088,8400,17445
59,2.000000,2.000000,2.000000,7202,8532,17741
60,2.000000,2.000000,2.000000,7302,8683,18058
61,2.000000,2.000000,2.000000,7402,8817,18388
62,2.000000,2.000000,2.000000,7468,8967,18692
63,2.000000,2.000000,2.000000,7536,9100,19008
64,2.000000,2.000000,2.000000,7603,9233,19436
65,2.000000,2.000000,2.000000,7689,9350,19836
66,2.000000,2.000000,2.000000,7804,9484,20520
67,2.000000,2.000000,2.000000,7891,9600,21033
68,2.000000,2.000000,2.000000,7962,9733,21493
69,2.000000,2.000000,2.000000,8034,9882,21950
70,2.000000,2.000000,2.000000,8102,10015,22353
71,2.000000,2.000000,2.000000,8186,10166,22785
72,2.000000,2.000000,2.000000,8269,10300,23204
73,2.000000,2.000000,2.000000,8412,10450,23593
74,2.000000,2.000000,2.000000,8514,10582,24081
75,2.000000,2.000000,2.000000,8583,10717,24631
76,2.000000,2.000000,2.000000,8636,10849,25148
77,2.000000,2.000000,2.000000,8703,10984,25584
78,2.000000,2.000000,2.000000,8753,11133,26114
79,2.000000,2.000000,2.000000,8818,11276,26569
80,2.000000,2.000000,2.000000,8868,11416,27034
81,2.000000,2.000000,2.000000,8924,11582,27441
82,2.000000,2.000000,2.000000,8984,11732,27871
83,2.000000,2.000000,2.000000,9036,11946,28248
84,2.000000,2.000000,2.000000,9103,12145,28561
85,2.000000,2.000000,2.000000,9163,12379,28936
86,2.000000,2.000000,2.000000,9237,12579,29479
87,2.000000,2.000000,2.000000,9317,12797,29833
88,2.000000,2.000000,2.000000,9419,12980,30157
89,2.000000,2.000000,2.000000,9553,13212,30458
90,2.000000,2.000000,2.000000,9657,13461,30773
91,2.000000,2.000000,2.000000,9767,13680,31087
92,2.000000,2.000000,2.000000,9835,13864,31414
93,2.000000,2.000000,2.000000,9901,14032,31922
94,2.000000,2.000000,2.000000,9953,14198,32274
95,2.000000,2.000000,2.000000,10001,14348,32623
96,2.000000,2.000000,2.000000,10052,14515,33002
97,2.000000,2.000000,2.000000,10101,14664,33470
98,2.000000,2.000000,2.000000,10141,14815,34007
99,2.000000,2.000000,2.000000,10203,14965,34372
100,2.000000,2.000000,2.000000,10272,15115,34708

epoch,gd_loss,sgd_loss,adam_loss,gd_time,sgd_time,adam_time
1,2.000000,2.000000,2.000000,40,205,248
2,2.000000,2.000000,2.000000,96,419,479
3,2.000000,2.000000,2.000000,141,619,781
4,2.000000,2.000000,2.000000,191,925,1106
5,2.000000,2.000000,2.000000,245,1368,1398
6,2.000000,2.000000,2.000000,295,1590,1702
7,2.000000,2.000000,2.000000,340,1774,2111
8,2.000000,2.000000,2.000000,391,1956,2434
9,2.000000,2.000000,2.000000,440,2122,2744
10,2.000000,2.000000,2.000000,479,2326,3143
11,2.000000,2.000000,2.000000,529,2534,3631
12,2.000000,2.000000,2.000000,579,2706,4035
13,2.000000,2.000000,2.000000,628,2871,4384
14,2.000000,2.000000,2.000000,674,3088,4743
15,2.000000,2.000000,2.000000,713,3304,5107
16,2.000000,2.000000,2.000000,763,3471,5496
17,2.000000,2.000000,2.000000,807,3638,5898
18,2.000000,2.000000,2.000000,845,3808,6303
19,2.000000,2.000000,2.000000,894,3972,6716
20,2.000000,2.000000,2.000000,930,4154,7118
21,2.000000,2.000000,2.000000,980,4306,7511
22,2.000000,2.000000,2.000000,1025,4514,7941
23,2.000000,2.000000,2.000000,1069,4673,8329
24,2.000000,2.000000,2.000000,1114,4810,8736
25,2.000000,2.000000,2.000000,1158,4954,9216
26,2.000000,2.000000,2.000000,1199,5091,9496
27,2.000000,2.000000,2.000000,1240,5224,9801
28,2.000000,2.000000,2.000000,1279,5374,10095
29,2.000000,2.000000,2.000000,1329,5509,10397
30,2.000000,2.000000,2.000000,1375,5657,10695
31,2.000000,2.000000,2.000000,1422,5851,10964
32,2.000000,2.000000,2.000000,1462,6091,11257
33,2.000000,2.000000,2.000000,1507,6385,11601
34,2.000000,2.000000,2.000000,1545,6541,11918
35,2.000000,2.000000,2.000000,1596,6691,12239
36,2.000000,2.000000,2.000000,1646,6879,12612
37,2.000000,2.000000,2.000000,1707,7049,13030
38,2.000000,2.000000,2.000000,1770,7234,13390
39,2.000000,2.000000,2.000000,1830,7414,13695
40,2.000000,2.000000,2.000000,1892,7602,14007
41,2.000000,2.000000,2.000000,1946,7772,14308
42,2.000000,2.000000,2.000000,2038,7922,14617
43,2.000000,2.000000,2.000000,2142,8075,14893
44,2.000000,2.000000,2.000000,2208,8229,15210
45,2.000000,2.000000,2.000000,2264,8410,15507
46,2.000000,2.000000,2.000000,2324,8575,15824
47,2.000000,2.000000,2.000000,2375,8746,16113
48,2.000000,2.000000,2.000000,2425,8920,16376
49,2.000000,2.000000,2.000000,2475,9079,16655
50,2.000000,2.000000,2.000000,2525,9239,16942
51,2.000000,2.000000,2.000000,2578,9400,17217
52,2.000000,2.000000,2.000000,2628,9557,17492
53,2.000000,2.000000,2.000000,2675,9789,17813
54,2.000000,2.000000,2.000000,2717,10089,18135
55,2.000000,2.000000,2.000000,2763,10259,18476
56,2.000000,2.000000,2.000000,2807,10432,18817
57,2.000000,2.000000,2.000000,2851,10596,19148
58,2.000000,2.000000,2.000000,2895,10826,19468
59,2.000000,2.000000,2.000000,2943,11087,19790
60,2.000000,2.000000,2.000000,2993,11291,20115
61,2.000000,2.000000,2.000000,3047,11487,20481
62,2.000000,2.000000,2.000000,3100,11661,20937
63,2.000000,2.000000,2.000000,3146,11898,21337
64,2.000000,2.000000,2.000000,3196,12124,21685
65,2.000000,2.000000,2.000000,3243,12291,22023
66,2.000000,2.000000,2.000000,3290,12450,22382
67,2.000000,2.000000,2.000000,3331,12614,22721
68,2.000000,2.000000,2.000000,3385,12791,23171
69,2.000000,2.000000,2.000000,3429,12969,23604
70,2.000000,2.000000,2.000000,3497,13132,23907
71,2.000000,2.000000,2.000000,3559,13309,24213
72,2.000000,2.000000,2.000000,3706,13491,24540
73,2.000000,2.000000,2.000000,3779,13676,24933
74,2.000000,2.000000,2.000000,3842,13857,25358
75,2.000000,2.000000,2.000000,3908,14034,25805
76,2.000000,2.000000,2.000000,3977,14201,26311
77,2.000000,2.000000,2.000000,4055,14360,26706
78,2.000000,2.000000,2.000000,4123,14517,27114
79,2.000000,2.000000,2.000000,4174,14656,27436
80,2.000000,2.000000,2.000000,4242,14788,27763
81,2.000000,2.000000,2.000000,4308,14938,28347
82,2.000000,2.000000,2.000000,4375,15087,28687
83,2.000000,2.000000,2.000000,4530,15221,29058
84,2.000000,2.000000,2.000000,4711,15372,29486
85,2.000000,2.000000,2.000000,4833,15516,29926
86,2.000000,2.000000,2.000000,4909,15667,30213
87,2.000000,2.000000,2.000000,4974,15886,30501
88,2.000000,2.000000,2.000000,5041,16060,30793
89,2.000000,2.000000,2.000000,5108,16260,31169
90,2.000000,2.000000,2.000000,5191,16440,31543
91,2.000000,2.000000,2.000000,5260,16616,31881
92,2.000000,2.000000,2.000000,5340,16766,32228
93,2.000000,2.000000,2.000000,5416,16891,32591
94,2.000000,2.000000,2.000000,5474,17072,32934
95,2.000000,2.000000,2.000000,5557,17233,33286
96,2.000000,2.000000,2.000000,5626,17384,33601
97,2.000000,2.000000,2.000000,5695,17506,33875
98,2.000000,2.000000,2.000000,5774,17657,34165
99,2.000000,2.000000,2.000000,5840,17776,34458
100,2.000000,2.000000,2.000000,5929,17908,34751
